-- MySQL dump 10.16  Distrib 10.1.36-MariaDB, for Win32 (AMD64)
--
-- Host: 127.0.0.1    Database: db
-- ------------------------------------------------------
-- Server version	10.1.36-MariaDB

/*!40101 SET @OLD_CHARACTER_SET_CLIENT=@@CHARACTER_SET_CLIENT */;
/*!40101 SET @OLD_CHARACTER_SET_RESULTS=@@CHARACTER_SET_RESULTS */;
/*!40101 SET @OLD_COLLATION_CONNECTION=@@COLLATION_CONNECTION */;
/*!40101 SET NAMES utf8 */;
/*!40103 SET @OLD_TIME_ZONE=@@TIME_ZONE */;
/*!40103 SET TIME_ZONE='+00:00' */;
/*!40014 SET @OLD_UNIQUE_CHECKS=@@UNIQUE_CHECKS, UNIQUE_CHECKS=0 */;
/*!40014 SET @OLD_FOREIGN_KEY_CHECKS=@@FOREIGN_KEY_CHECKS, FOREIGN_KEY_CHECKS=0 */;
/*!40101 SET @OLD_SQL_MODE=@@SQL_MODE, SQL_MODE='NO_AUTO_VALUE_ON_ZERO' */;
/*!40111 SET @OLD_SQL_NOTES=@@SQL_NOTES, SQL_NOTES=0 */;

--
-- Table structure for table `admin`
--

DROP TABLE IF EXISTS `admin`;
/*!40101 SET @saved_cs_client     = @@character_set_client */;
/*!40101 SET character_set_client = utf8 */;
CREATE TABLE `admin` (
  `admin_id` int(11) NOT NULL AUTO_INCREMENT,
  `admin_username` varchar(45) COLLATE utf8_unicode_ci NOT NULL,
  `admin_email` varchar(255) COLLATE utf8_unicode_ci NOT NULL,
  `admin_password` varchar(255) COLLATE utf8_unicode_ci NOT NULL,
  PRIMARY KEY (`admin_id`),
  UNIQUE KEY `unique_index` (`admin_email`),
  UNIQUE KEY `unique_index_username` (`admin_username`)
) ENGINE=InnoDB AUTO_INCREMENT=2 DEFAULT CHARSET=utf8 COLLATE=utf8_unicode_ci;
/*!40101 SET character_set_client = @saved_cs_client */;

--
-- Dumping data for table `admin`
--

LOCK TABLES `admin` WRITE;
/*!40000 ALTER TABLE `admin` DISABLE KEYS */;
INSERT INTO `admin` VALUES (1,'admin','tester.stf@gmail.com','admin');
/*!40000 ALTER TABLE `admin` ENABLE KEYS */;
UNLOCK TABLES;

--
-- Table structure for table `all_time_currency`
--

DROP TABLE IF EXISTS `all_time_currency`;
/*!40101 SET @saved_cs_client     = @@character_set_client */;
/*!40101 SET character_set_client = utf8 */;
CREATE TABLE `all_time_currency` (
  `id` int(11) NOT NULL AUTO_INCREMENT,
  `exchange_office_name` varchar(45) NOT NULL,
  `currency_label` varchar(45) NOT NULL,
  `sell_rate` decimal(10,4) NOT NULL,
  `avg_rate` decimal(10,4) NOT NULL,
  `buy_rate` decimal(10,4) NOT NULL,
  `date` date NOT NULL,
  PRIMARY KEY (`id`),
  UNIQUE KEY `unique_index` (`exchange_office_name`,`currency_label`,`date`)
) ENGINE=InnoDB AUTO_INCREMENT=1494 DEFAULT CHARSET=utf8;
/*!40101 SET character_set_client = @saved_cs_client */;

--
-- Dumping data for table `all_time_currency`
--

LOCK TABLES `all_time_currency` WRITE;
/*!40000 ALTER TABLE `all_time_currency` DISABLE KEYS */;
INSERT INTO `all_time_currency` VALUES (1,'Vip','EUR',117.5000,118.3400,118.9000,'2018-12-14'),(2,'Vip','USD',102.0000,104.2100,104.9500,'2018-12-14'),(3,'Vip','CHF',102.0500,104.7900,105.5500,'2018-12-14'),(4,'Vip','AUD',71.2000,74.9400,75.9500,'2018-12-14'),(5,'Vip','CAD',74.0500,77.9100,78.9500,'2018-12-14'),(6,'Vip','HRK',14.7200,15.9900,16.3500,'2018-12-14'),(7,'Vip','DKK',15.0600,15.8500,15.9000,'2018-12-14'),(8,'Vip','HUF',0.3400,0.3700,0.3700,'2018-12-14'),(9,'Vip','NOK',11.5500,12.1500,12.4000,'2018-12-14'),(10,'Vip','SEK',10.9100,11.4800,11.5000,'2018-12-14'),(11,'Vip','GBP',127.6500,131.5700,134.8500,'2018-12-14'),(12,'Vip','BAM',57.0000,60.5000,60.9000,'2018-12-14'),(13,'Vip','RUB',1.3800,1.5700,1.6900,'2018-12-14'),(14,'Vip','CNY',13.8600,15.1200,15.9500,'2018-12-14'),(15,'Vip','JPY',0.8500,0.9200,0.9600,'2018-12-14'),(16,'Vip','PLN',25.6100,27.4900,28.1800,'2018-12-14'),(17,'Vip','CZK',4.2800,4.5800,4.6900,'2018-12-14'),(18,'Erste bank','EUR',115.9696,118.3363,120.7030,'2018-12-14'),(19,'Erste bank','USD',100.0378,104.2060,108.3742,'2018-12-14'),(20,'Erste bank','CHF',100.5958,104.7873,108.9788,'2018-12-14'),(21,'Erste bank','AUD',71.9415,74.9391,77.9367,'2018-12-14'),(22,'Erste bank','CAD',74.7977,77.9143,81.0309,'2018-12-14'),(23,'Erste bank','DKK',15.2134,15.8473,16.4812,'2018-12-14'),(24,'Erste bank','NOK',11.6687,12.1549,12.6411,'2018-12-14'),(25,'Erste bank','SEK',11.0189,11.4780,11.9371,'2018-12-14'),(26,'Erste bank','GBP',126.3096,131.5725,136.8354,'2018-12-14'),(27,'Erste bank','RUB',1.4750,1.5691,1.6319,'2018-12-14'),(28,'Erste bank','JPY',88.1257,91.7976,95.4695,'2018-12-14'),(29,'Trange Frange menjacnica','EUR',118.0000,118.3364,118.7000,'2018-12-14'),(30,'Trange Frange menjacnica','USD',103.2000,104.2060,105.2000,'2018-12-14'),(31,'Trange Frange menjacnica','CHF',103.8000,104.7873,105.8000,'2018-12-14'),(32,'Trange Frange menjacnica','AUD',73.8000,74.9391,76.0000,'2018-12-14'),(33,'Trange Frange menjacnica','CAD',76.8000,77.9143,78.6000,'2018-12-14'),(34,'Trange Frange menjacnica','HRK',15.6700,15.9936,16.0000,'2018-12-14'),(35,'Trange Frange menjacnica','DKK',15.6200,15.8473,15.8500,'2018-12-14'),(36,'Trange Frange menjacnica','HUF',35.8000,36.5303,36.6200,'2018-12-14'),(37,'Trange Frange menjacnica','NOK',11.9800,12.1549,12.1700,'2018-12-14'),(38,'Trange Frange menjacnica','SEK',11.3200,11.4780,11.5200,'2018-12-14'),(39,'Trange Frange menjacnica','GBP',129.6000,131.5725,133.0000,'2018-12-14'),(40,'Trange Frange menjacnica','BAM',60.0000,60.5044,60.6000,'2018-12-14'),(41,'Trange Frange menjacnica','RUB',1.4647,1.5691,1.5800,'2018-12-14'),(42,'Trange Frange menjacnica','CNY',14.4821,15.1205,15.2000,'2018-12-14'),(43,'Trange Frange menjacnica','JPY',89.0000,91.7976,92.5000,'2018-12-14'),(44,'Trange Frange menjacnica','PLN',26.1318,27.4945,27.5200,'2018-12-14'),(45,'Trange Frange menjacnica','TRY',17.5279,19.4341,20.7000,'2018-12-14'),(46,'Trange Frange menjacnica','CZK',4.3553,4.5845,4.5800,'2018-12-14'),(47,'Dok menjacnica','EUR',118.1000,118.6000,118.6000,'2018-12-14'),(48,'Dok menjacnica','USD',103.2000,105.2000,105.2000,'2018-12-14'),(49,'Dok menjacnica','CHF',103.8000,105.8000,105.8000,'2018-12-14'),(50,'Dok menjacnica','AUD',73.1000,76.5000,76.5000,'2018-12-14'),(51,'Dok menjacnica','CAD',76.0000,78.5000,78.5000,'2018-12-14'),(52,'Dok menjacnica','DKK',15.4600,16.2000,16.2000,'2018-12-14'),(53,'Dok menjacnica','NOK',11.8600,12.4000,12.4000,'2018-12-14'),(54,'Dok menjacnica','SEK',11.2000,11.7000,11.7000,'2018-12-14'),(55,'Dok menjacnica','GBP',129.6000,133.0000,133.0000,'2018-12-14'),(56,'Dok menjacnica','BAM',60.0000,61.0000,61.0000,'2018-12-14'),(57,'Dok menjacnica','RUB',1.4200,1.6700,1.6700,'2018-12-14'),(58,'Raiffeisen banka','EUR',115.3779,118.3363,119.8747,'2018-12-14'),(59,'Raiffeisen banka','USD',100.5588,104.2060,106.2901,'2018-12-14'),(60,'Raiffeisen banka','CHF',99.5479,104.7873,106.1495,'2018-12-14'),(61,'Raiffeisen banka','AUD',72.3162,74.9391,76.4379,'2018-12-14'),(62,'Raiffeisen banka','CAD',75.1873,77.9143,79.4726,'2018-12-14'),(63,'Raiffeisen banka','DKK',15.2926,15.8473,16.1642,'2018-12-14'),(64,'Raiffeisen banka','NOK',11.7295,12.1549,12.3980,'2018-12-14'),(65,'Raiffeisen banka','SEK',11.0763,11.4780,11.7076,'2018-12-14'),(66,'Raiffeisen banka','GBP',126.9675,131.5725,134.2040,'2018-12-14'),(67,'Raiffeisen banka','RUB',1.4122,1.5691,1.7260,'2018-12-14'),(68,'Raiffeisen banka','JPY',88.5847,91.7976,93.6336,'2018-12-14'),(69,'Paris menjacnica','EUR',118.0000,118.3300,118.8000,'2018-12-14'),(70,'Paris menjacnica','USD',102.0000,104.2000,106.0000,'2018-12-14'),(71,'Paris menjacnica','CHF',103.0000,104.7800,106.0000,'2018-12-14'),(72,'Paris menjacnica','AUD',73.4000,74.9300,75.8000,'2018-12-14'),(73,'Paris menjacnica','CAD',76.3000,77.9100,78.8000,'2018-12-14'),(74,'Paris menjacnica','HRK',15.0000,15.9900,16.3000,'2018-12-14'),(75,'Paris menjacnica','DKK',15.4000,15.8400,16.2000,'2018-12-14'),(76,'Paris menjacnica','NOK',11.7000,12.1500,12.4000,'2018-12-14'),(77,'Paris menjacnica','SEK',11.0000,11.4700,11.8000,'2018-12-14'),(78,'Paris menjacnica','GBP',129.0000,131.5700,134.0000,'2018-12-14'),(79,'Paris menjacnica','BAM',59.5000,60.5000,60.7000,'2018-12-14'),(80,'Paris menjacnica','RUB',1.5000,1.5600,1.6000,'2018-12-14'),(81,'Komercijalna banka','EUR',115.9324,118.2984,120.6644,'2018-11-01'),(82,'Komercijalna banka','USD',101.7116,104.3196,106.9276,'2018-11-01'),(83,'Komercijalna banka','CHF',97.9085,103.6069,109.3053,'2018-11-01'),(84,'Komercijalna banka','AUD',72.4276,74.2847,76.1418,'2018-11-01'),(85,'Komercijalna banka','CAD',77.3374,79.3204,81.3034,'2018-11-01'),(86,'Komercijalna banka','DKK',15.4536,15.8498,16.2460,'2018-11-01'),(87,'Komercijalna banka','NOK',12.0910,12.4010,12.7110,'2018-11-01'),(88,'Komercijalna banka','SEK',11.1324,11.4178,11.7032,'2018-11-01'),(89,'Komercijalna banka','GBP',130.5648,133.9126,137.2604,'2018-11-01'),(90,'Komercijalna banka','BAM',58.9729,60.4850,61.9971,'2018-11-01'),(91,'Komercijalna banka','RUB',1.4289,1.5877,1.7147,'2018-11-01'),(92,'Komercijalna banka','CNY',14.1467,14.9701,15.7935,'2018-11-01'),(93,'Komercijalna banka','JPY',90.0820,92.3918,94.7016,'2018-11-01'),(94,'AIK banka','EUR',115.4371,118.3363,120.6439,'2018-12-14'),(95,'AIK banka','USD',100.9282,104.2060,107.4838,'2018-12-14'),(96,'AIK banka','CHF',100.4773,104.7873,109.0878,'2018-12-14'),(97,'AIK banka','GBP',124.9939,131.5725,138.1511,'2018-12-14'),(570,'Vip','EUR',117.5000,118.3400,118.9000,'2018-12-15'),(571,'Vip','USD',102.0000,104.2100,104.9500,'2018-12-15'),(572,'Vip','CHF',102.0500,104.7900,105.5500,'2018-12-15'),(573,'Vip','AUD',71.2000,74.9400,75.9500,'2018-12-15'),(574,'Vip','CAD',74.0500,77.9100,78.9500,'2018-12-15'),(575,'Vip','HRK',14.7200,15.9900,16.3500,'2018-12-15'),(576,'Vip','DKK',15.0600,15.8500,15.9000,'2018-12-15'),(577,'Vip','HUF',0.3400,0.3700,0.3700,'2018-12-15'),(578,'Vip','NOK',11.5500,12.1500,12.4000,'2018-12-15'),(579,'Vip','SEK',10.9100,11.4800,11.5000,'2018-12-15'),(580,'Vip','GBP',127.6500,131.5700,134.8500,'2018-12-15'),(581,'Vip','BAM',57.0000,60.5000,60.9000,'2018-12-15'),(582,'Vip','RUB',1.3800,1.5700,1.6900,'2018-12-15'),(583,'Vip','CNY',13.8600,15.1200,15.9500,'2018-12-15'),(584,'Vip','JPY',0.8500,0.9200,0.9600,'2018-12-15'),(585,'Vip','PLN',25.6100,27.4900,28.1800,'2018-12-15'),(586,'Vip','CZK',4.2800,4.5800,4.6900,'2018-12-15'),(587,'Erste bank','EUR',115.9696,118.3363,120.7030,'2018-12-15'),(588,'Erste bank','USD',100.0378,104.2060,108.3742,'2018-12-15'),(589,'Erste bank','CHF',100.5958,104.7873,108.9788,'2018-12-15'),(590,'Erste bank','AUD',71.9415,74.9391,77.9367,'2018-12-15'),(591,'Erste bank','CAD',74.7977,77.9143,81.0309,'2018-12-15'),(592,'Erste bank','DKK',15.2134,15.8473,16.4812,'2018-12-15'),(593,'Erste bank','NOK',11.6687,12.1549,12.6411,'2018-12-15'),(594,'Erste bank','SEK',11.0189,11.4780,11.9371,'2018-12-15'),(595,'Erste bank','GBP',126.3096,131.5725,136.8354,'2018-12-15'),(596,'Erste bank','RUB',1.4750,1.5691,1.6319,'2018-12-15'),(597,'Erste bank','JPY',88.1257,91.7976,95.4695,'2018-12-15'),(598,'Trange Frange menjacnica','EUR',118.0000,118.3363,118.5000,'2018-12-15'),(599,'Trange Frange menjacnica','USD',104.0000,104.2060,105.2000,'2018-12-15'),(600,'Trange Frange menjacnica','CHF',104.2000,104.7873,105.8000,'2018-12-15'),(601,'Trange Frange menjacnica','AUD',74.0000,74.9391,76.0000,'2018-12-15'),(602,'Trange Frange menjacnica','CAD',77.0000,77.9143,78.6000,'2018-12-15'),(603,'Trange Frange menjacnica','HRK',15.6700,15.9936,16.0000,'2018-12-15'),(604,'Trange Frange menjacnica','DKK',15.6200,15.8473,15.8500,'2018-12-15'),(605,'Trange Frange menjacnica','HUF',35.8000,36.5303,36.6200,'2018-12-15'),(606,'Trange Frange menjacnica','NOK',11.9700,12.1549,12.1700,'2018-12-15'),(607,'Trange Frange menjacnica','SEK',11.3500,11.4780,11.5200,'2018-12-15'),(608,'Trange Frange menjacnica','GBP',129.8000,131.5725,133.0000,'2018-12-15'),(609,'Trange Frange menjacnica','BAM',60.0000,60.5044,60.6000,'2018-12-15'),(610,'Trange Frange menjacnica','RUB',1.4647,1.5691,1.5800,'2018-12-15'),(611,'Trange Frange menjacnica','CNY',14.4821,15.1205,15.2000,'2018-12-15'),(612,'Trange Frange menjacnica','JPY',89.0000,91.7976,92.5000,'2018-12-15'),(613,'Trange Frange menjacnica','PLN',26.1318,27.4945,27.5200,'2018-12-15'),(614,'Trange Frange menjacnica','TRY',17.5279,19.4341,20.7000,'2018-12-15'),(615,'Trange Frange menjacnica','CZK',4.3553,4.5845,4.5800,'2018-12-15'),(616,'Dok menjacnica','EUR',118.1000,118.6000,118.6000,'2018-12-15'),(617,'Dok menjacnica','USD',103.4000,105.2000,105.2000,'2018-12-15'),(618,'Dok menjacnica','CHF',104.0000,105.8000,105.8000,'2018-12-15'),(619,'Dok menjacnica','AUD',73.1000,76.5000,76.5000,'2018-12-15'),(620,'Dok menjacnica','CAD',76.0000,78.5000,78.5000,'2018-12-15'),(621,'Dok menjacnica','DKK',15.4600,16.2000,16.2000,'2018-12-15'),(622,'Dok menjacnica','NOK',11.8600,12.4000,12.4000,'2018-12-15'),(623,'Dok menjacnica','SEK',11.2000,11.7000,11.7000,'2018-12-15'),(624,'Dok menjacnica','GBP',129.6000,133.0000,133.0000,'2018-12-15'),(625,'Dok menjacnica','BAM',60.0000,61.0000,61.0000,'2018-12-15'),(626,'Dok menjacnica','RUB',1.4200,1.6700,1.6700,'2018-12-15'),(627,'Raiffeisen banka','EUR',115.3779,118.3363,119.8747,'2018-12-15'),(628,'Raiffeisen banka','USD',100.5588,104.2060,106.2901,'2018-12-15'),(629,'Raiffeisen banka','CHF',99.5479,104.7873,106.1495,'2018-12-15'),(630,'Raiffeisen banka','AUD',72.3162,74.9391,76.4379,'2018-12-15'),(631,'Raiffeisen banka','CAD',75.1873,77.9143,79.4726,'2018-12-15'),(632,'Raiffeisen banka','DKK',15.2926,15.8473,16.1642,'2018-12-15'),(633,'Raiffeisen banka','NOK',11.7295,12.1549,12.3980,'2018-12-15'),(634,'Raiffeisen banka','SEK',11.0763,11.4780,11.7076,'2018-12-15'),(635,'Raiffeisen banka','GBP',126.9675,131.5725,134.2040,'2018-12-15'),(636,'Raiffeisen banka','RUB',1.4122,1.5691,1.7260,'2018-12-15'),(637,'Raiffeisen banka','JPY',88.5847,91.7976,93.6336,'2018-12-15'),(638,'Paris menjacnica','EUR',118.0000,118.3300,118.8000,'2018-12-15'),(639,'Paris menjacnica','USD',102.0000,104.2000,106.0000,'2018-12-15'),(640,'Paris menjacnica','CHF',103.0000,104.7800,106.0000,'2018-12-15'),(641,'Paris menjacnica','AUD',73.4000,74.9300,75.8000,'2018-12-15'),(642,'Paris menjacnica','CAD',76.3000,77.9100,78.8000,'2018-12-15'),(643,'Paris menjacnica','HRK',15.0000,15.9900,16.3000,'2018-12-15'),(644,'Paris menjacnica','DKK',15.4000,15.8400,16.2000,'2018-12-15'),(645,'Paris menjacnica','NOK',11.7000,12.1500,12.4000,'2018-12-15'),(646,'Paris menjacnica','SEK',11.0000,11.4700,11.8000,'2018-12-15'),(647,'Paris menjacnica','GBP',129.0000,131.5700,134.0000,'2018-12-15'),(648,'Paris menjacnica','BAM',59.5000,60.5000,60.7000,'2018-12-15'),(649,'Paris menjacnica','RUB',1.5000,1.5600,1.6000,'2018-12-15'),(663,'AIK banka','EUR',115.4371,118.3363,120.6439,'2018-12-15'),(664,'AIK banka','USD',100.9282,104.2060,107.4838,'2018-12-15'),(665,'AIK banka','CHF',100.4773,104.7873,109.0878,'2018-12-15'),(666,'AIK banka','GBP',124.9939,131.5725,138.1511,'2018-12-15'),(667,'','EUR',116.3755,118.1477,120.4516,'2018-12-15'),(668,'','USD',101.1310,104.2051,107.2792,'2018-12-15'),(669,'','CHF',101.4352,104.5185,107.6018,'2018-12-15'),(670,'','AUD',73.0706,75.2917,77.5128,'2018-12-15'),(671,'','CAD',75.4804,77.7748,80.0692,'2018-12-15'),(672,'','HRK',15.3620,0.0000,16.2960,'2018-12-15'),(673,'','DKK',11.8450,15.8290,12.5650,'2018-12-15'),(674,'','HUF',11.2389,0.0000,11.9221,'2018-12-15'),(675,'','NOK',128.5308,12.2050,136.3446,'2018-12-15'),(676,'','SEK',1.5172,11.5805,1.6094,'2018-12-15'),(677,'','GBP',89.6781,132.4377,95.1299,'2018-12-15'),(678,'','BAM',116.3755,0.0000,120.4516,'2018-12-15'),(679,'','RUB',101.1310,1.5633,107.2792,'2018-12-15'),(680,'','CNY',101.4352,0.0000,107.6018,'2018-12-15'),(681,'','JPY',73.0706,92.4040,77.5128,'2018-12-15'),(682,'','PLN',75.4804,0.0000,80.0692,'2018-12-15'),(683,'','TRY',0.0000,0.0000,0.0000,'2018-12-15'),(684,'','CZK',15.3620,0.0000,16.2960,'2018-12-15'),(685,'','KWD',0.0000,0.0000,0.0000,'2018-12-15'),(686,'','RON',11.8450,0.0000,12.5650,'2018-12-15'),(687,'','BGN',11.2389,0.0000,11.9221,'2018-12-15'),(1042,'Vip','EUR',117.5000,118.2700,118.9000,'2018-12-22'),(1043,'Vip','USD',101.0000,103.2300,103.9500,'2018-12-22'),(1044,'Vip','CHF',102.0000,104.5700,105.3500,'2018-12-22'),(1045,'Vip','AUD',70.0000,73.3800,74.5500,'2018-12-22'),(1046,'Vip','CAD',72.6500,76.4400,77.6500,'2018-12-22'),(1047,'Vip','HRK',14.6600,15.9300,15.9500,'2018-12-22'),(1048,'Vip','DKK',15.0500,15.8400,15.8500,'2018-12-22'),(1049,'Vip','HUF',0.3400,0.3700,0.3700,'2018-12-22'),(1050,'Vip','NOK',11.3200,11.9100,11.9500,'2018-12-22'),(1051,'Vip','SEK',10.9300,11.5000,11.7500,'2018-12-22'),(1052,'Vip','GBP',126.7500,130.7000,133.9500,'2018-12-22'),(1053,'Vip','BAM',57.0000,60.4700,60.8500,'2018-12-22'),(1054,'Vip','RUB',1.3300,1.5200,1.6300,'2018-12-22'),(1055,'Vip','CNY',13.7400,14.9800,15.8000,'2018-12-22'),(1056,'Vip','JPY',0.8500,0.9300,0.9700,'2018-12-22'),(1057,'Vip','PLN',25.7000,27.5800,28.2700,'2018-12-22'),(1058,'Vip','CZK',4.2800,4.5900,4.7000,'2018-12-22'),(1059,'Erste bank','EUR',115.9055,118.2709,120.6363,'2018-12-22'),(1060,'Erste bank','USD',99.1011,103.2303,107.3595,'2018-12-22'),(1061,'Erste bank','CHF',100.3891,104.5720,108.7549,'2018-12-22'),(1062,'Erste bank','AUD',70.4474,73.3827,76.3180,'2018-12-22'),(1063,'Erste bank','CAD',73.3842,76.4419,79.4996,'2018-12-22'),(1064,'Erste bank','DKK',15.2035,15.8370,16.4705,'2018-12-22'),(1065,'Erste bank','NOK',11.4318,11.9081,12.3844,'2018-12-22'),(1066,'Erste bank','SEK',11.0436,11.5037,11.9638,'2018-12-22'),(1067,'Erste bank','GBP',125.4725,130.7005,135.9285,'2018-12-22'),(1068,'Erste bank','RUB',1.4245,1.5154,1.5760,'2018-12-22'),(1069,'Erste bank','JPY',88.9464,92.6525,96.3586,'2018-12-22'),(1070,'Trange Frange menjacnica','EUR',118.0000,118.2709,118.4000,'2018-12-22'),(1071,'Trange Frange menjacnica','USD',102.9000,103.2303,104.7000,'2018-12-22'),(1072,'Trange Frange menjacnica','CHF',103.6000,104.5720,105.5000,'2018-12-22'),(1073,'Trange Frange menjacnica','AUD',72.0000,73.3827,75.0000,'2018-12-22'),(1074,'Trange Frange menjacnica','CAD',75.3000,76.4419,77.5000,'2018-12-22'),(1075,'Trange Frange menjacnica','HRK',15.6100,15.9324,15.9500,'2018-12-22'),(1076,'Trange Frange menjacnica','DKK',15.5900,15.8370,15.8400,'2018-12-22'),(1077,'Trange Frange menjacnica','HUF',36.0100,36.7506,36.7500,'2018-12-22'),(1078,'Trange Frange menjacnica','NOK',11.6600,11.9081,12.0000,'2018-12-22'),(1079,'Trange Frange menjacnica','SEK',11.3200,11.5037,11.5100,'2018-12-22'),(1080,'Trange Frange menjacnica','GBP',129.3000,130.7005,133.0000,'2018-12-22'),(1081,'Trange Frange menjacnica','BAM',60.0000,60.4710,60.6000,'2018-12-22'),(1082,'Trange Frange menjacnica','RUB',1.4065,1.5154,1.5400,'2018-12-22'),(1083,'Trange Frange menjacnica','CNY',14.3366,14.9778,15.1200,'2018-12-22'),(1084,'Trange Frange menjacnica','JPY',90.0000,92.6525,93.5000,'2018-12-22'),(1085,'Trange Frange menjacnica','PLN',26.2191,27.5844,27.6000,'2018-12-22'),(1086,'Trange Frange menjacnica','TRY',17.6734,19.5930,20.8000,'2018-12-22'),(1087,'Trange Frange menjacnica','CZK',4.3553,4.5868,4.5900,'2018-12-22'),(1088,'Dok menjacnica','EUR',118.1000,118.4000,118.4000,'2018-12-22'),(1089,'Dok menjacnica','USD',102.4000,104.2000,104.2000,'2018-12-22'),(1090,'Dok menjacnica','CHF',103.5000,105.3000,105.3000,'2018-12-22'),(1091,'Dok menjacnica','AUD',71.6000,75.0000,75.0000,'2018-12-22'),(1092,'Dok menjacnica','CAD',74.6000,78.0000,78.0000,'2018-12-22'),(1093,'Dok menjacnica','DKK',15.4500,16.2300,16.2300,'2018-12-22'),(1094,'Dok menjacnica','NOK',11.6200,12.2000,12.2000,'2018-12-22'),(1095,'Dok menjacnica','SEK',11.2200,11.7900,11.7900,'2018-12-22'),(1096,'Dok menjacnica','GBP',128.5000,133.0000,133.0000,'2018-12-22'),(1097,'Dok menjacnica','BAM',59.8000,61.0000,61.0000,'2018-12-22'),(1098,'Dok menjacnica','RUB',1.3700,1.6300,1.6300,'2018-12-22'),(1099,'Raiffeisen banka','EUR',115.3141,118.2709,119.8084,'2018-12-22'),(1100,'Raiffeisen banka','USD',99.6172,103.2303,105.2949,'2018-12-22'),(1101,'Raiffeisen banka','CHF',99.3434,104.5720,105.9314,'2018-12-22'),(1102,'Raiffeisen banka','AUD',70.8143,73.3827,74.8504,'2018-12-22'),(1103,'Raiffeisen banka','CAD',73.7664,76.4419,77.9707,'2018-12-22'),(1104,'Raiffeisen banka','DKK',15.2827,15.8370,16.1537,'2018-12-22'),(1105,'Raiffeisen banka','NOK',11.4913,11.9081,12.1463,'2018-12-22'),(1106,'Raiffeisen banka','SEK',11.1011,11.5037,11.7338,'2018-12-22'),(1107,'Raiffeisen banka','GBP',126.1260,130.7005,133.3145,'2018-12-22'),(1108,'Raiffeisen banka','RUB',1.3639,1.5154,1.6669,'2018-12-22'),(1109,'Raiffeisen banka','JPY',89.4097,92.6525,94.5056,'2018-12-22'),(1110,'Paris menjacnica','EUR',118.0000,118.2700,118.6000,'2018-12-22'),(1111,'Paris menjacnica','USD',101.5000,103.2300,104.5000,'2018-12-22'),(1112,'Paris menjacnica','CHF',103.0000,104.5700,106.0000,'2018-12-22'),(1113,'Paris menjacnica','AUD',71.9000,73.3800,74.3000,'2018-12-22'),(1114,'Paris menjacnica','CAD',74.9000,76.4400,77.4000,'2018-12-22'),(1115,'Paris menjacnica','HRK',15.0000,15.9300,16.2000,'2018-12-22'),(1116,'Paris menjacnica','DKK',15.4000,15.8300,16.1000,'2018-12-22'),(1117,'Paris menjacnica','NOK',11.5000,11.9000,12.3000,'2018-12-22'),(1118,'Paris menjacnica','SEK',11.1000,11.5000,11.8000,'2018-12-22'),(1119,'Paris menjacnica','GBP',128.0000,130.7000,133.0000,'2018-12-22'),(1120,'Paris menjacnica','BAM',59.5000,60.4700,60.6000,'2018-12-22'),(1121,'Paris menjacnica','RUB',1.4000,1.5100,1.6000,'2018-12-22'),(1135,'AIK banka','EUR',115.3733,118.2709,120.5772,'2018-12-22'),(1136,'AIK banka','USD',99.9832,103.2303,106.4774,'2018-12-22'),(1137,'AIK banka','CHF',100.2708,104.5720,108.8636,'2018-12-22'),(1138,'AIK banka','GBP',124.1655,130.7005,137.2355,'2018-12-22'),(1139,'Vip','EUR',117.5000,118.2700,118.9000,'2018-12-23'),(1140,'Vip','USD',101.0000,103.2300,103.9500,'2018-12-23'),(1141,'Vip','CHF',102.0000,104.5700,105.3500,'2018-12-23'),(1142,'Vip','AUD',70.0000,73.3800,74.5500,'2018-12-23'),(1143,'Vip','CAD',72.6500,76.4400,77.6500,'2018-12-23'),(1144,'Vip','HRK',14.6600,15.9300,15.9500,'2018-12-23'),(1145,'Vip','DKK',15.0500,15.8400,15.8500,'2018-12-23'),(1146,'Vip','HUF',0.3400,0.3700,0.3700,'2018-12-23'),(1147,'Vip','NOK',11.3200,11.9100,11.9500,'2018-12-23'),(1148,'Vip','SEK',10.9300,11.5000,11.7500,'2018-12-23'),(1149,'Vip','GBP',126.7500,130.7000,133.9500,'2018-12-23'),(1150,'Vip','BAM',57.0000,60.4700,60.8500,'2018-12-23'),(1151,'Vip','RUB',1.3300,1.5200,1.6300,'2018-12-23'),(1152,'Vip','CNY',13.7400,14.9800,15.8000,'2018-12-23'),(1153,'Vip','JPY',0.8500,0.9300,0.9700,'2018-12-23'),(1154,'Vip','PLN',25.7000,27.5800,28.2700,'2018-12-23'),(1155,'Vip','CZK',4.2800,4.5900,4.7000,'2018-12-23'),(1156,'Erste bank','EUR',115.9055,118.2709,120.6363,'2018-12-23'),(1157,'Erste bank','USD',99.1011,103.2303,107.3595,'2018-12-23'),(1158,'Erste bank','CHF',100.3891,104.5720,108.7549,'2018-12-23'),(1159,'Erste bank','AUD',70.4474,73.3827,76.3180,'2018-12-23'),(1160,'Erste bank','CAD',73.3842,76.4419,79.4996,'2018-12-23'),(1161,'Erste bank','DKK',15.2035,15.8370,16.4705,'2018-12-23'),(1162,'Erste bank','NOK',11.4318,11.9081,12.3844,'2018-12-23'),(1163,'Erste bank','SEK',11.0436,11.5037,11.9638,'2018-12-23'),(1164,'Erste bank','GBP',125.4725,130.7005,135.9285,'2018-12-23'),(1165,'Erste bank','RUB',1.4245,1.5154,1.5760,'2018-12-23'),(1166,'Erste bank','JPY',88.9464,92.6525,96.3586,'2018-12-23'),(1167,'Trange Frange menjacnica','EUR',118.0000,118.2709,118.4000,'2018-12-23'),(1168,'Trange Frange menjacnica','USD',102.9000,103.2303,104.7000,'2018-12-23'),(1169,'Trange Frange menjacnica','CHF',103.6000,104.5720,105.5000,'2018-12-23'),(1170,'Trange Frange menjacnica','AUD',72.0000,73.3827,75.0000,'2018-12-23'),(1171,'Trange Frange menjacnica','CAD',75.3000,76.4419,77.5000,'2018-12-23'),(1172,'Trange Frange menjacnica','HRK',15.6100,15.9324,15.9500,'2018-12-23'),(1173,'Trange Frange menjacnica','DKK',15.5900,15.8370,15.8400,'2018-12-23'),(1174,'Trange Frange menjacnica','HUF',36.0100,36.7506,36.7500,'2018-12-23'),(1175,'Trange Frange menjacnica','NOK',11.6600,11.9081,12.0000,'2018-12-23'),(1176,'Trange Frange menjacnica','SEK',11.3200,11.5037,11.5100,'2018-12-23'),(1177,'Trange Frange menjacnica','GBP',129.3000,130.7005,133.0000,'2018-12-23'),(1178,'Trange Frange menjacnica','BAM',60.0000,60.4710,60.6000,'2018-12-23'),(1179,'Trange Frange menjacnica','RUB',1.4065,1.5154,1.5400,'2018-12-23'),(1180,'Trange Frange menjacnica','CNY',14.3366,14.9778,15.1200,'2018-12-23'),(1181,'Trange Frange menjacnica','JPY',90.0000,92.6525,93.5000,'2018-12-23'),(1182,'Trange Frange menjacnica','PLN',26.2191,27.5844,27.6000,'2018-12-23'),(1183,'Trange Frange menjacnica','TRY',17.6734,19.5930,20.8000,'2018-12-23'),(1184,'Trange Frange menjacnica','CZK',4.3553,4.5868,4.5900,'2018-12-23'),(1185,'Dok menjacnica','EUR',118.1000,118.4000,118.4000,'2018-12-23'),(1186,'Dok menjacnica','USD',102.4000,104.2000,104.2000,'2018-12-23'),(1187,'Dok menjacnica','CHF',103.5000,105.3000,105.3000,'2018-12-23'),(1188,'Dok menjacnica','AUD',71.6000,75.0000,75.0000,'2018-12-23'),(1189,'Dok menjacnica','CAD',74.6000,78.0000,78.0000,'2018-12-23'),(1190,'Dok menjacnica','DKK',15.4500,16.2300,16.2300,'2018-12-23'),(1191,'Dok menjacnica','NOK',11.6200,12.2000,12.2000,'2018-12-23'),(1192,'Dok menjacnica','SEK',11.2200,11.7900,11.7900,'2018-12-23'),(1193,'Dok menjacnica','GBP',128.5000,133.0000,133.0000,'2018-12-23'),(1194,'Dok menjacnica','BAM',59.8000,61.0000,61.0000,'2018-12-23'),(1195,'Dok menjacnica','RUB',1.3700,1.6300,1.6300,'2018-12-23'),(1196,'Raiffeisen banka','EUR',115.3141,118.2709,119.8084,'2018-12-23'),(1197,'Raiffeisen banka','USD',99.6172,103.2303,105.2949,'2018-12-23'),(1198,'Raiffeisen banka','CHF',99.3434,104.5720,105.9314,'2018-12-23'),(1199,'Raiffeisen banka','AUD',70.8143,73.3827,74.8504,'2018-12-23'),(1200,'Raiffeisen banka','CAD',73.7664,76.4419,77.9707,'2018-12-23'),(1201,'Raiffeisen banka','DKK',15.2827,15.8370,16.1537,'2018-12-23'),(1202,'Raiffeisen banka','NOK',11.4913,11.9081,12.1463,'2018-12-23'),(1203,'Raiffeisen banka','SEK',11.1011,11.5037,11.7338,'2018-12-23'),(1204,'Raiffeisen banka','GBP',126.1260,130.7005,133.3145,'2018-12-23'),(1205,'Raiffeisen banka','RUB',1.3639,1.5154,1.6669,'2018-12-23'),(1206,'Raiffeisen banka','JPY',89.4097,92.6525,94.5056,'2018-12-23'),(1207,'Paris menjacnica','EUR',118.0000,118.2700,118.6000,'2018-12-23'),(1208,'Paris menjacnica','USD',101.5000,103.2300,104.5000,'2018-12-23'),(1209,'Paris menjacnica','CHF',103.0000,104.5700,106.0000,'2018-12-23'),(1210,'Paris menjacnica','AUD',71.9000,73.3800,74.3000,'2018-12-23'),(1211,'Paris menjacnica','CAD',74.9000,76.4400,77.4000,'2018-12-23'),(1212,'Paris menjacnica','HRK',15.0000,15.9300,16.2000,'2018-12-23'),(1213,'Paris menjacnica','DKK',15.4000,15.8300,16.1000,'2018-12-23'),(1214,'Paris menjacnica','NOK',11.5000,11.9000,12.3000,'2018-12-23'),(1215,'Paris menjacnica','SEK',11.1000,11.5000,11.8000,'2018-12-23'),(1216,'Paris menjacnica','GBP',128.0000,130.7000,133.0000,'2018-12-23'),(1217,'Paris menjacnica','BAM',59.5000,60.4700,60.6000,'2018-12-23'),(1218,'Paris menjacnica','RUB',1.4000,1.5100,1.6000,'2018-12-23'),(1232,'AIK banka','EUR',115.3733,118.2709,120.5772,'2018-12-23'),(1233,'AIK banka','USD',99.9832,103.2303,106.4774,'2018-12-23'),(1234,'AIK banka','CHF',100.2708,104.5720,108.8636,'2018-12-23'),(1235,'AIK banka','GBP',124.1655,130.7005,137.2355,'2018-12-23'),(1247,'Societe General','AUD',73.0706,0.0000,77.5128,'2018-12-24'),(1248,'Societe General','CAD',75.4804,0.0000,80.0692,'2018-12-24'),(1249,'Societe General','CHF',101.4352,0.0000,107.6018,'2018-12-24'),(1250,'Societe General','DKK',15.3620,0.0000,16.2960,'2018-12-24'),(1251,'Societe General','EUR',116.3755,0.0000,120.4516,'2018-12-24'),(1252,'Societe General','GBP',128.5308,0.0000,136.3446,'2018-12-24'),(1253,'Societe General','JPY',89.6781,0.0000,95.1299,'2018-12-24'),(1254,'Societe General','NOK',11.8450,0.0000,12.5650,'2018-12-24'),(1255,'Societe General','RUB',1.5172,0.0000,1.6094,'2018-12-24'),(1256,'Societe General','SEK',11.2389,0.0000,11.9221,'2018-12-24'),(1257,'Societe General','USD',101.1310,0.0000,107.2792,'2018-12-24'),(1258,'Vip','EUR',117.5000,118.2200,118.9000,'2018-12-24'),(1259,'Vip','USD',101.6000,103.8100,104.5500,'2018-12-24'),(1260,'Vip','CHF',101.7500,104.5100,105.3000,'2018-12-24'),(1261,'Vip','AUD',69.7000,73.3200,74.4500,'2018-12-24'),(1262,'Vip','CAD',72.6500,76.4500,77.6500,'2018-12-24'),(1263,'Vip','HRK',14.7000,15.9700,16.0000,'2018-12-24'),(1264,'Vip','DKK',15.0500,15.8300,15.8500,'2018-12-24'),(1265,'Vip','HUF',0.3400,0.3700,0.3700,'2018-12-24'),(1266,'Vip','NOK',11.2700,11.8600,11.9000,'2018-12-24'),(1267,'Vip','SEK',10.9200,11.4900,11.7000,'2018-12-24'),(1268,'Vip','GBP',127.6000,131.5100,134.7500,'2018-12-24'),(1269,'Vip','BAM',57.0000,60.4500,60.8500,'2018-12-24'),(1270,'Vip','RUB',1.3300,1.5200,1.6300,'2018-12-24'),(1271,'Vip','CNY',13.8000,15.0500,15.8700,'2018-12-24'),(1272,'Vip','JPY',0.8600,0.9300,0.9800,'2018-12-24'),(1273,'Vip','PLN',25.6800,27.5700,28.2600,'2018-12-24'),(1274,'Vip','CZK',4.2600,4.5700,4.6800,'2018-12-24'),(1275,'Erste bank','EUR',115.8596,118.2241,120.5886,'2018-12-24'),(1276,'Erste bank','USD',99.6620,103.8146,107.9672,'2018-12-24'),(1277,'Erste bank','CHF',100.3316,104.5121,108.6926,'2018-12-24'),(1278,'Erste bank','AUD',70.3846,73.3173,76.2500,'2018-12-24'),(1279,'Erste bank','CAD',73.3884,76.4462,79.5040,'2018-12-24'),(1280,'Erste bank','DKK',15.1985,15.8318,16.4651,'2018-12-24'),(1281,'Erste bank','NOK',11.3867,11.8611,12.3355,'2018-12-24'),(1282,'Erste bank','SEK',11.0263,11.4857,11.9451,'2018-12-24'),(1283,'Erste bank','GBP',126.2460,131.5062,136.7664,'2018-12-24'),(1284,'Erste bank','RUB',1.4249,1.5158,1.5764,'2018-12-24'),(1285,'Erste bank','JPY',89.6982,93.4356,97.1730,'2018-12-24'),(1286,'Trange Frange menjacnica','EUR',118.0000,118.2241,118.5000,'2018-12-24'),(1287,'Trange Frange menjacnica','USD',103.0000,103.8146,104.7000,'2018-12-24'),(1288,'Trange Frange menjacnica','CHF',103.6000,104.5121,105.5000,'2018-12-24'),(1289,'Trange Frange menjacnica','AUD',72.2000,73.3173,74.5000,'2018-12-24'),(1290,'Trange Frange menjacnica','CAD',75.3000,76.4462,77.3000,'2018-12-24'),(1291,'Trange Frange menjacnica','HRK',15.6500,15.9749,15.9700,'2018-12-24'),(1292,'Trange Frange menjacnica','DKK',15.6000,15.8318,15.8400,'2018-12-24'),(1293,'Trange Frange menjacnica','HUF',35.9500,36.6973,36.7500,'2018-12-24'),(1294,'Trange Frange menjacnica','NOK',11.6900,11.8611,11.9500,'2018-12-24'),(1295,'Trange Frange menjacnica','SEK',11.3300,11.4857,11.5000,'2018-12-24'),(1296,'Trange Frange menjacnica','GBP',129.6000,131.5062,133.0000,'2018-12-24'),(1297,'Trange Frange menjacnica','BAM',60.0000,60.4470,60.6000,'2018-12-24'),(1298,'Trange Frange menjacnica','RUB',1.4162,1.5158,1.5400,'2018-12-24'),(1299,'Trange Frange menjacnica','CNY',14.4142,15.0506,15.0800,'2018-12-24'),(1300,'Trange Frange menjacnica','JPY',90.6000,93.4356,93.5000,'2018-12-24'),(1301,'Trange Frange menjacnica','PLN',26.2094,27.5722,27.6000,'2018-12-24'),(1302,'Trange Frange menjacnica','TRY',17.6734,19.5897,20.8000,'2018-12-24'),(1303,'Trange Frange menjacnica','CZK',4.3456,4.5728,4.5800,'2018-12-24'),(1304,'Dok menjacnica','EUR',118.0000,118.5000,118.5000,'2018-12-24'),(1305,'Dok menjacnica','USD',102.5000,104.5000,104.5000,'2018-12-24'),(1306,'Dok menjacnica','CHF',103.4000,105.3000,105.3000,'2018-12-24'),(1307,'Dok menjacnica','AUD',71.5000,75.0000,75.0000,'2018-12-24'),(1308,'Dok menjacnica','CAD',74.5500,78.0000,78.0000,'2018-12-24'),(1309,'Dok menjacnica','DKK',15.4400,16.2000,16.2000,'2018-12-24'),(1310,'Dok menjacnica','NOK',11.5700,12.1000,12.1000,'2018-12-24'),(1311,'Dok menjacnica','SEK',11.2000,11.7000,11.7000,'2018-12-24'),(1312,'Dok menjacnica','GBP',129.0000,133.0000,133.0000,'2018-12-24'),(1313,'Dok menjacnica','BAM',59.8000,61.0000,61.0000,'2018-12-24'),(1314,'Dok menjacnica','RUB',1.3700,1.6200,1.6200,'2018-12-24'),(1315,'Raiffeisen banka','EUR',115.2685,118.2241,119.7610,'2018-12-24'),(1316,'Raiffeisen banka','USD',100.1811,103.8146,105.8909,'2018-12-24'),(1317,'Raiffeisen banka','CHF',99.2865,104.5121,105.8708,'2018-12-24'),(1318,'Raiffeisen banka','AUD',70.7512,73.3173,74.7836,'2018-12-24'),(1319,'Raiffeisen banka','CAD',73.7706,76.4462,77.9751,'2018-12-24'),(1320,'Raiffeisen banka','DKK',15.2777,15.8318,16.1484,'2018-12-24'),(1321,'Raiffeisen banka','NOK',11.4460,11.8611,12.0983,'2018-12-24'),(1322,'Raiffeisen banka','SEK',11.0837,11.4857,11.7154,'2018-12-24'),(1323,'Raiffeisen banka','GBP',126.9035,131.5062,134.1363,'2018-12-24'),(1324,'Raiffeisen banka','RUB',1.3642,1.5158,1.6674,'2018-12-24'),(1325,'Raiffeisen banka','JPY',90.1654,93.4356,95.3043,'2018-12-24'),(1326,'Paris menjacnica','EUR',118.0000,118.2200,118.5000,'2018-12-24'),(1327,'Paris menjacnica','USD',102.0000,103.8100,105.0000,'2018-12-24'),(1328,'Paris menjacnica','CHF',103.0000,104.5100,106.0000,'2018-12-24'),(1329,'Paris menjacnica','AUD',71.8000,73.3100,74.3000,'2018-12-24'),(1330,'Paris menjacnica','CAD',74.9000,76.4400,77.4000,'2018-12-24'),(1331,'Paris menjacnica','HRK',15.0000,15.9700,16.2000,'2018-12-24'),(1332,'Paris menjacnica','DKK',15.4000,15.8300,16.1000,'2018-12-24'),(1333,'Paris menjacnica','NOK',11.4000,11.8600,12.1000,'2018-12-24'),(1334,'Paris menjacnica','SEK',11.0000,11.4800,11.8000,'2018-12-24'),(1335,'Paris menjacnica','GBP',130.0000,131.5000,133.8000,'2018-12-24'),(1336,'Paris menjacnica','BAM',59.5000,60.4400,60.6000,'2018-12-24'),(1337,'Paris menjacnica','RUB',1.4500,1.5100,1.6000,'2018-12-24'),(1351,'AIK banka','EUR',115.3276,118.2241,120.5295,'2018-12-24'),(1352,'AIK banka','USD',100.5491,103.8146,107.0801,'2018-12-24'),(1353,'AIK banka','CHF',100.2134,104.5121,108.8013,'2018-12-24'),(1354,'AIK banka','GBP',124.9309,131.5062,138.0815,'2018-12-24'),(1360,'Societe General','HRK',0.0000,0.0000,0.0000,'2018-12-24'),(1362,'Societe General','HUF',0.0000,0.0000,0.0000,'2018-12-24'),(1366,'Societe General','BAM',0.0000,0.0000,0.0000,'2018-12-24'),(1368,'Societe General','CNY',0.0000,0.0000,0.0000,'2018-12-24'),(1370,'Societe General','PLN',0.0000,0.0000,0.0000,'2018-12-24'),(1371,'Societe General','TRY',0.0000,0.0000,0.0000,'2018-12-24'),(1372,'Societe General','CZK',0.0000,0.0000,0.0000,'2018-12-24'),(1373,'Societe General','KWD',0.0000,0.0000,0.0000,'2018-12-24'),(1374,'Societe General','RON',0.0000,0.0000,0.0000,'2018-12-24'),(1375,'Societe General','BGN',0.0000,0.0000,0.0000,'2018-12-24'),(1376,'Vip','EUR',117.5000,118.2200,118.9000,'2018-12-26'),(1377,'Vip','USD',101.3000,103.5200,104.3000,'2018-12-26'),(1378,'Vip','CHF',102.5000,105.2400,105.9500,'2018-12-26'),(1379,'Vip','AUD',69.3500,72.9900,73.9500,'2018-12-26'),(1380,'Vip','CAD',72.4500,76.2600,77.4500,'2018-12-26'),(1381,'Vip','HRK',14.6600,15.9300,15.9500,'2018-12-26'),(1382,'Vip','DKK',15.0500,15.8400,15.8500,'2018-12-26'),(1383,'Vip','HUF',0.3400,0.3700,0.3700,'2018-12-26'),(1384,'Vip','NOK',11.2600,11.8400,11.9000,'2018-12-26'),(1385,'Vip','SEK',10.8700,11.4300,11.5000,'2018-12-26'),(1386,'Vip','GBP',127.5500,131.4700,134.7500,'2018-12-26'),(1387,'Vip','BAM',57.0000,60.4500,60.8500,'2018-12-26'),(1388,'Vip','RUB',1.3300,1.5100,1.6300,'2018-12-26'),(1389,'Vip','CNY',13.8100,15.0600,15.8900,'2018-12-26'),(1390,'Vip','JPY',0.8700,0.9400,0.9900,'2018-12-26'),(1391,'Vip','PLN',25.6900,27.5800,28.2600,'2018-12-26'),(1392,'Vip','CZK',4.2600,4.5700,4.6700,'2018-12-26'),(1393,'Erste bank','EUR',115.8567,118.2211,120.5855,'2018-12-26'),(1394,'Erste bank','USD',99.3803,103.5211,107.6619,'2018-12-26'),(1395,'Erste bank','CHF',101.0347,105.2445,109.4543,'2018-12-26'),(1396,'Erste bank','AUD',70.0656,72.9850,75.9044,'2018-12-26'),(1397,'Erste bank','CAD',73.2066,76.2569,79.3072,'2018-12-26'),(1398,'Erste bank','DKK',15.2061,15.8397,16.4733,'2018-12-26'),(1399,'Erste bank','NOK',11.3698,11.8435,12.3172,'2018-12-26'),(1400,'Erste bank','SEK',10.9766,11.4340,11.8914,'2018-12-26'),(1401,'Erste bank','GBP',126.2147,131.4736,136.7325,'2018-12-26'),(1402,'Erste bank','RUB',1.4218,1.5126,1.5731,'2018-12-26'),(1403,'Erste bank','JPY',90.3601,94.1251,97.8901,'2018-12-26'),(1404,'Trange Frange menjacnica','EUR',118.0000,118.2211,118.5000,'2018-12-26'),(1405,'Trange Frange menjacnica','USD',102.3000,103.5211,104.6000,'2018-12-26'),(1406,'Trange Frange menjacnica','CHF',104.3000,105.2445,106.2000,'2018-12-26'),(1407,'Trange Frange menjacnica','AUD',71.8000,72.9850,74.5000,'2018-12-26'),(1408,'Trange Frange menjacnica','CAD',75.1000,76.2569,77.3000,'2018-12-26'),(1409,'Trange Frange menjacnica','HRK',15.6100,15.9285,15.9500,'2018-12-26'),(1410,'Trange Frange menjacnica','DKK',15.6000,15.8397,15.8400,'2018-12-26'),(1411,'Trange Frange menjacnica','HUF',36.0200,36.7649,36.8000,'2018-12-26'),(1412,'Trange Frange menjacnica','NOK',11.6700,11.8435,11.9000,'2018-12-26'),(1413,'Trange Frange menjacnica','SEK',11.2800,11.4340,11.5000,'2018-12-26'),(1414,'Trange Frange menjacnica','GBP',129.6000,131.4736,133.0000,'2018-12-26'),(1415,'Trange Frange menjacnica','BAM',60.0000,60.4455,60.6000,'2018-12-26'),(1416,'Trange Frange menjacnica','RUB',1.4065,1.5126,1.5400,'2018-12-26'),(1417,'Trange Frange menjacnica','CNY',14.4239,15.0639,15.0800,'2018-12-26'),(1418,'Trange Frange menjacnica','JPY',91.3000,94.1251,94.6000,'2018-12-26'),(1419,'Trange Frange menjacnica','PLN',26.2094,27.5760,27.6000,'2018-12-26'),(1420,'Trange Frange menjacnica','TRY',17.5279,19.4356,20.7900,'2018-12-26'),(1421,'Trange Frange menjacnica','CZK',4.3359,4.5659,4.5700,'2018-12-26'),(1422,'Dok menjacnica','EUR',118.0000,118.4000,118.4000,'2018-12-26'),(1423,'Dok menjacnica','USD',102.3000,104.5000,104.5000,'2018-12-26'),(1424,'Dok menjacnica','CHF',104.0000,106.0000,106.0000,'2018-12-26'),(1425,'Dok menjacnica','AUD',71.2000,74.5000,74.5000,'2018-12-26'),(1426,'Dok menjacnica','CAD',74.4000,77.5000,77.5000,'2018-12-26'),(1427,'Dok menjacnica','DKK',15.4500,16.2000,16.2000,'2018-12-26'),(1428,'Dok menjacnica','NOK',11.5500,12.1000,12.1000,'2018-12-26'),(1429,'Dok menjacnica','SEK',11.1500,11.7000,11.7000,'2018-12-26'),(1430,'Dok menjacnica','GBP',129.5000,133.0000,133.0000,'2018-12-26'),(1431,'Dok menjacnica','BAM',59.8000,61.0000,61.0000,'2018-12-26'),(1432,'Dok menjacnica','RUB',1.3700,1.6200,1.6200,'2018-12-26'),(1433,'Raiffeisen banka','EUR',115.2656,118.2211,119.7580,'2018-12-26'),(1434,'Raiffeisen banka','USD',99.8979,103.5211,105.5915,'2018-12-26'),(1435,'Raiffeisen banka','CHF',99.9823,105.2445,106.6127,'2018-12-26'),(1436,'Raiffeisen banka','AUD',70.4305,72.9850,74.4447,'2018-12-26'),(1437,'Raiffeisen banka','CAD',73.5879,76.2569,77.7820,'2018-12-26'),(1438,'Raiffeisen banka','DKK',15.2853,15.8397,16.1565,'2018-12-26'),(1439,'Raiffeisen banka','NOK',11.4290,11.8435,12.0804,'2018-12-26'),(1440,'Raiffeisen banka','SEK',11.0338,11.4340,11.6627,'2018-12-26'),(1441,'Raiffeisen banka','GBP',126.8720,131.4736,134.1031,'2018-12-26'),(1442,'Raiffeisen banka','RUB',1.3613,1.5126,1.6639,'2018-12-26'),(1443,'Raiffeisen banka','JPY',90.8307,94.1251,96.0076,'2018-12-26'),(1444,'Paris menjacnica','EUR',118.0000,118.2200,118.5000,'2018-12-26'),(1445,'Paris menjacnica','USD',102.0000,103.5200,105.0000,'2018-12-26'),(1446,'Paris menjacnica','CHF',103.5000,105.2400,107.0000,'2018-12-26'),(1447,'Paris menjacnica','AUD',71.5000,72.9000,73.8000,'2018-12-26'),(1448,'Paris menjacnica','CAD',74.7000,76.2500,77.3000,'2018-12-26'),(1449,'Paris menjacnica','HRK',15.0000,15.9200,16.2000,'2018-12-26'),(1450,'Paris menjacnica','DKK',15.4000,15.8300,16.1000,'2018-12-26'),(1451,'Paris menjacnica','NOK',11.4000,11.8400,12.1000,'2018-12-26'),(1452,'Paris menjacnica','SEK',11.0000,11.4300,11.8000,'2018-12-26'),(1453,'Paris menjacnica','GBP',129.0000,131.4700,133.5000,'2018-12-26'),(1454,'Paris menjacnica','BAM',59.5000,60.4400,60.6000,'2018-12-26'),(1455,'Paris menjacnica','RUB',1.4500,1.5100,1.6000,'2018-12-26'),(1456,'Komercijalna banka','EUR',115.8567,118.2211,120.5855,'2018-12-26'),(1457,'Komercijalna banka','USD',100.9331,103.5211,106.1091,'2018-12-26'),(1458,'Komercijalna banka','CHF',99.4561,105.2445,111.0329,'2018-12-26'),(1459,'Komercijalna banka','AUD',71.1604,72.9850,74.8096,'2018-12-26'),(1460,'Komercijalna banka','CAD',74.3505,76.2569,78.1633,'2018-12-26'),(1461,'Komercijalna banka','DKK',15.4437,15.8397,16.2357,'2018-12-26'),(1462,'Komercijalna banka','NOK',11.5474,11.8435,12.1396,'2018-12-26'),(1463,'Komercijalna banka','SEK',11.1482,11.4340,11.7199,'2018-12-26'),(1464,'Komercijalna banka','GBP',128.1868,131.4736,134.7604,'2018-12-26'),(1465,'Komercijalna banka','BAM',58.9344,60.4455,61.9566,'2018-12-26'),(1466,'Komercijalna banka','RUB',1.3613,1.5126,1.6336,'2018-12-26'),(1467,'Komercijalna banka','CNY',14.2354,15.0639,15.8924,'2018-12-26'),(1468,'Komercijalna banka','JPY',91.7720,94.1251,96.4782,'2018-12-26'),(1469,'AIK banka','EUR',115.3247,118.2211,120.5264,'2018-12-26'),(1470,'AIK banka','USD',100.2648,103.5211,106.7774,'2018-12-26'),(1471,'AIK banka','CHF',100.9157,105.2445,109.5637,'2018-12-26'),(1472,'AIK banka','GBP',124.8999,131.4736,138.0473,'2018-12-26');
/*!40000 ALTER TABLE `all_time_currency` ENABLE KEYS */;
UNLOCK TABLES;

--
-- Table structure for table `currency`
--

DROP TABLE IF EXISTS `currency`;
/*!40101 SET @saved_cs_client     = @@character_set_client */;
/*!40101 SET character_set_client = utf8 */;
CREATE TABLE `currency` (
  `currency_id` int(11) NOT NULL AUTO_INCREMENT,
  `currency_name` varchar(45) COLLATE utf8_unicode_ci NOT NULL,
  `currency_label` varchar(45) COLLATE utf8_unicode_ci NOT NULL,
  `currency_code` varchar(45) COLLATE utf8_unicode_ci DEFAULT NULL,
  PRIMARY KEY (`currency_id`),
  UNIQUE KEY `currency_name_UNIQUE` (`currency_name`),
  UNIQUE KEY `currency_label_UNIQUE` (`currency_label`)
) ENGINE=InnoDB AUTO_INCREMENT=22 DEFAULT CHARSET=utf8 COLLATE=utf8_unicode_ci;
/*!40101 SET character_set_client = @saved_cs_client */;

--
-- Dumping data for table `currency`
--

LOCK TABLES `currency` WRITE;
/*!40000 ALTER TABLE `currency` DISABLE KEYS */;
INSERT INTO `currency` VALUES (1,'Evro','EUR','978'),(2,'Americki Dolar','USD','840'),(3,'Svajcarski Franak','CHF','756'),(4,'Australijski Dolar','AUD','36'),(5,'Kanadski Dolar','CAD','124'),(6,'Hrvatska Kuna','HRK','191'),(7,'Danska Kruna','DKK','208'),(8,'Madjarska Forinta','HUF','348'),(9,'Norveska Kruna','NOK','578'),(10,'Svedska Kruna','SEK','752'),(11,'Funta Sterlinga','GBP','826'),(12,'Konvertibilna Marka','BAM','977'),(13,'Ruska rublja','RUB','643'),(14,'Kineski Juan','CNY','156'),(15,'Japanski Jen','JPY','292'),(16,'Poljski Zlot','PLN','985'),(17,'Turska Lira','TRY','949'),(18,'Ceska Kruna','CZK','203'),(19,'Kuvajtski Dinar','KWD','414'),(20,'Rumunski Lej','RON','946'),(21,'Bugarski Lev','BGN','975');
/*!40000 ALTER TABLE `currency` ENABLE KEYS */;
UNLOCK TABLES;

--
-- Table structure for table `currency_list`
--

DROP TABLE IF EXISTS `currency_list`;
/*!40101 SET @saved_cs_client     = @@character_set_client */;
/*!40101 SET character_set_client = utf8 */;
CREATE TABLE `currency_list` (
  `currency_list_id` int(11) NOT NULL AUTO_INCREMENT,
  `exchange_office_id` int(11) NOT NULL,
  `currency_id` int(11) NOT NULL,
  `sell_rate` decimal(10,4) NOT NULL,
  `avg_rate` decimal(10,4) NOT NULL,
  `buy_rate` decimal(10,4) NOT NULL,
  `diff_24h` decimal(10,4) DEFAULT NULL,
  `date` date NOT NULL,
  PRIMARY KEY (`currency_list_id`),
  UNIQUE KEY `unique_index_currency_list` (`currency_id`,`exchange_office_id`)
) ENGINE=InnoDB AUTO_INCREMENT=289 DEFAULT CHARSET=utf8;
/*!40101 SET character_set_client = @saved_cs_client */;

--
-- Dumping data for table `currency_list`
--

LOCK TABLES `currency_list` WRITE;
/*!40000 ALTER TABLE `currency_list` DISABLE KEYS */;
INSERT INTO `currency_list` VALUES (1,1000,1,118.0000,118.2211,118.5000,NULL,'2018-12-26'),(2,1000,4,71.8000,72.9850,74.5000,NULL,'2018-12-26'),(3,1000,5,75.1000,76.2569,77.3000,NULL,'2018-12-26'),(4,1000,14,14.4239,15.0639,15.0800,NULL,'2018-12-26'),(5,1000,6,15.6100,15.9285,15.9500,NULL,'2018-12-26'),(6,1000,18,4.3359,4.5659,4.5700,NULL,'2018-12-26'),(7,1000,7,15.6000,15.8397,15.8400,NULL,'2018-12-26'),(8,1000,8,36.0200,36.7649,36.8000,NULL,'2018-12-26'),(9,1000,15,91.3000,94.1251,94.6000,NULL,'2018-12-26'),(10,1000,9,11.6700,11.8435,11.9000,NULL,'2018-12-26'),(11,1000,13,1.4065,1.5126,1.5400,NULL,'2018-12-26'),(12,1000,10,11.2800,11.4340,11.5000,NULL,'2018-12-26'),(13,1000,3,104.3000,105.2445,106.2000,NULL,'2018-12-26'),(14,1000,11,129.6000,131.4736,133.0000,NULL,'2018-12-26'),(15,1000,2,102.3000,103.5211,104.6000,NULL,'2018-12-26'),(16,1000,12,60.0000,60.4455,60.6000,NULL,'2018-12-26'),(17,1000,16,26.2094,27.5760,27.6000,NULL,'2018-12-26'),(18,1000,17,17.5279,19.4356,20.7900,NULL,'2018-12-26'),(19,1002,1,115.2656,118.2211,119.7580,NULL,'2018-12-26'),(20,1002,2,99.8979,103.5211,105.5915,NULL,'2018-12-26'),(21,1002,3,99.9823,105.2445,106.6127,NULL,'2018-12-26'),(22,1002,11,126.8720,131.4736,134.1031,NULL,'2018-12-26'),(23,1002,4,70.4305,72.9850,74.4447,NULL,'2018-12-26'),(24,1002,13,1.3613,1.5126,1.6639,NULL,'2018-12-26'),(25,1002,10,11.0338,11.4340,11.6627,NULL,'2018-12-26'),(26,1002,5,73.5879,76.2569,77.7820,NULL,'2018-12-26'),(27,1002,7,15.2853,15.8397,16.1565,NULL,'2018-12-26'),(28,1002,15,90.8307,94.1251,96.0076,NULL,'2018-12-26'),(29,1002,9,11.4290,11.8435,12.0804,NULL,'2018-12-26'),(30,1003,1,118.0000,118.2200,118.5000,NULL,'2018-12-26'),(31,1003,4,71.5000,72.9000,73.8000,NULL,'2018-12-26'),(32,1003,5,74.7000,76.2500,77.3000,NULL,'2018-12-26'),(33,1003,7,15.4000,15.8300,16.1000,NULL,'2018-12-26'),(34,1003,9,11.4000,11.8400,12.1000,NULL,'2018-12-26'),(35,1003,10,11.0000,11.4300,11.8000,NULL,'2018-12-26'),(36,1003,3,103.5000,105.2400,107.0000,NULL,'2018-12-26'),(37,1003,11,129.0000,131.4700,133.5000,NULL,'2018-12-26'),(38,1003,2,102.0000,103.5200,105.0000,NULL,'2018-12-26'),(39,1003,12,59.5000,60.4400,60.6000,NULL,'2018-12-26'),(40,1003,13,1.4500,1.5100,1.6000,NULL,'2018-12-26'),(41,1003,6,15.0000,15.9200,16.2000,NULL,'2018-12-26'),(42,1001,1,118.0000,118.4000,118.4000,NULL,'2018-12-26'),(43,1001,2,102.3000,104.5000,104.5000,NULL,'2018-12-26'),(44,1001,3,104.0000,106.0000,106.0000,NULL,'2018-12-26'),(45,1001,11,129.5000,133.0000,133.0000,NULL,'2018-12-26'),(46,1001,4,71.2000,74.5000,74.5000,NULL,'2018-12-26'),(47,1001,12,59.8000,61.0000,61.0000,NULL,'2018-12-26'),(48,1001,7,15.4500,16.2000,16.2000,NULL,'2018-12-26'),(49,1001,5,74.4000,77.5000,77.5000,NULL,'2018-12-26'),(50,1001,9,11.5500,12.1000,12.1000,NULL,'2018-12-26'),(51,1001,13,1.3700,1.6200,1.6200,NULL,'2018-12-26'),(52,1001,10,11.1500,11.7000,11.7000,NULL,'2018-12-26'),(53,1004,4,71.1604,72.9850,74.8096,NULL,'2018-12-26'),(54,1004,12,58.9344,60.4455,61.9566,NULL,'2018-12-26'),(55,1004,7,15.4437,15.8397,16.2357,NULL,'2018-12-26'),(56,1004,1,115.8567,118.2211,120.5855,NULL,'2018-12-26'),(57,1004,15,91.7720,94.1251,96.4782,NULL,'2018-12-26'),(58,1004,5,74.3505,76.2569,78.1633,NULL,'2018-12-26'),(59,1004,14,14.2354,15.0639,15.8924,NULL,'2018-12-26'),(60,1004,9,11.5474,11.8435,12.1396,NULL,'2018-12-26'),(61,1004,13,1.3613,1.5126,1.6336,NULL,'2018-12-26'),(62,1004,2,100.9331,103.5211,106.1091,NULL,'2018-12-26'),(63,1004,3,99.4561,105.2445,111.0329,NULL,'2018-12-26'),(64,1004,10,11.1482,11.4340,11.7199,NULL,'2018-12-26'),(65,1004,11,128.1868,131.4736,134.7604,NULL,'2018-12-26'),(68,1005,3,100.9157,105.2445,109.5637,NULL,'2018-12-26'),(69,1005,11,124.8999,131.4736,138.0473,NULL,'2018-12-26'),(70,1005,2,100.2648,103.5211,106.7774,NULL,'2018-12-26'),(71,1005,1,115.3247,118.2211,120.5264,NULL,'2018-12-26'),(72,1,1,117.5000,118.2200,118.9000,NULL,'2018-12-26'),(73,1,2,101.3000,103.5200,104.3000,NULL,'2018-12-26'),(74,1,3,102.5000,105.2400,105.9500,NULL,'2018-12-26'),(75,1,4,69.3500,72.9900,73.9500,NULL,'2018-12-26'),(76,1,5,72.4500,76.2600,77.4500,NULL,'2018-12-26'),(77,1,6,14.6600,15.9300,15.9500,NULL,'2018-12-26'),(78,1,7,15.0500,15.8400,15.8500,NULL,'2018-12-26'),(79,1,8,0.3400,0.3700,0.3700,NULL,'2018-12-26'),(80,1,9,11.2600,11.8400,11.9000,NULL,'2018-12-26'),(81,1,10,10.8700,11.4300,11.5000,NULL,'2018-12-26'),(82,1,11,127.5500,131.4700,134.7500,NULL,'2018-12-26'),(83,1,12,57.0000,60.4500,60.8500,NULL,'2018-12-26'),(84,1,13,1.3300,1.5100,1.6300,NULL,'2018-12-26'),(85,1,14,13.8100,15.0600,15.8900,NULL,'2018-12-26'),(86,1,15,0.8700,0.9400,0.9900,NULL,'2018-12-26'),(87,1,16,25.6900,27.5800,28.2600,NULL,'2018-12-26'),(88,1,18,4.2600,4.5700,4.6700,NULL,'2018-12-26'),(89,2,1,115.8567,118.2211,120.5855,NULL,'2018-12-26'),(90,2,2,99.3803,103.5211,107.6619,NULL,'2018-12-26'),(91,2,3,101.0347,105.2445,109.4543,NULL,'2018-12-26'),(92,2,11,126.2147,131.4736,136.7325,NULL,'2018-12-26'),(93,2,4,70.0656,72.9850,75.9044,NULL,'2018-12-26'),(94,2,5,73.2066,76.2569,79.3072,NULL,'2018-12-26'),(95,2,7,15.2061,15.8397,16.4733,NULL,'2018-12-26'),(96,2,15,90.3601,94.1251,97.8901,NULL,'2018-12-26'),(97,2,9,11.3698,11.8435,12.3172,NULL,'2018-12-26'),(98,2,13,1.4218,1.5126,1.5731,NULL,'2018-12-26'),(99,2,10,10.9766,11.4340,11.8914,NULL,'2018-12-26'),(268,1025,1,116.3755,0.0000,120.4516,NULL,'2018-12-24'),(269,1025,2,101.1310,0.0000,107.2792,NULL,'2018-12-24'),(270,1025,3,101.4352,0.0000,107.6018,NULL,'2018-12-24'),(271,1025,4,73.0706,0.0000,77.5128,NULL,'2018-12-24'),(272,1025,5,75.4804,0.0000,80.0692,NULL,'2018-12-24'),(273,1025,6,0.0000,0.0000,0.0000,NULL,'2018-12-24'),(274,1025,7,15.3620,0.0000,16.2960,NULL,'2018-12-24'),(275,1025,8,0.0000,0.0000,0.0000,NULL,'2018-12-24'),(276,1025,9,11.8450,0.0000,12.5650,NULL,'2018-12-24'),(277,1025,10,11.2389,0.0000,11.9221,NULL,'2018-12-24'),(278,1025,11,128.5308,0.0000,136.3446,NULL,'2018-12-24'),(279,1025,12,0.0000,0.0000,0.0000,NULL,'2018-12-24'),(280,1025,13,1.5172,0.0000,1.6094,NULL,'2018-12-24'),(281,1025,14,0.0000,0.0000,0.0000,NULL,'2018-12-24'),(282,1025,15,89.6781,0.0000,95.1299,NULL,'2018-12-24'),(283,1025,16,0.0000,0.0000,0.0000,NULL,'2018-12-24'),(284,1025,17,0.0000,0.0000,0.0000,NULL,'2018-12-24'),(285,1025,18,0.0000,0.0000,0.0000,NULL,'2018-12-24'),(286,1025,19,0.0000,0.0000,0.0000,NULL,'2018-12-24'),(287,1025,20,0.0000,0.0000,0.0000,NULL,'2018-12-24'),(288,1025,21,0.0000,0.0000,0.0000,NULL,'2018-12-24');
/*!40000 ALTER TABLE `currency_list` ENABLE KEYS */;
UNLOCK TABLES;

--
-- Table structure for table `exchange_office`
--

DROP TABLE IF EXISTS `exchange_office`;
/*!40101 SET @saved_cs_client     = @@character_set_client */;
/*!40101 SET character_set_client = utf8 */;
CREATE TABLE `exchange_office` (
  `exchange_office_id` int(11) NOT NULL AUTO_INCREMENT,
  `user_id` int(11) NOT NULL,
  `exchange_office_name` varchar(45) NOT NULL,
  `exchange_office_phone` varchar(45) NOT NULL,
  `exchange_office_email` varchar(45) NOT NULL,
  `exchange_office_pib` varchar(45) NOT NULL,
  `exchange_office_jmb` varchar(45) NOT NULL,
  `activation` varchar(1) NOT NULL,
  PRIMARY KEY (`exchange_office_id`),
  UNIQUE KEY `exchange_office_name_UNIQUE` (`exchange_office_name`),
  UNIQUE KEY `exchange_office_phone_UNIQUE` (`exchange_office_phone`),
  UNIQUE KEY `exchange_office_email_UNIQUE` (`exchange_office_email`)
) ENGINE=InnoDB AUTO_INCREMENT=1026 DEFAULT CHARSET=utf8;
/*!40101 SET character_set_client = @saved_cs_client */;

--
-- Dumping data for table `exchange_office`
--

LOCK TABLES `exchange_office` WRITE;
/*!40000 ALTER TABLE `exchange_office` DISABLE KEYS */;
INSERT INTO `exchange_office` VALUES (1,3,'Vip','+38136356','sdfsd@sdf.com','1','1','0'),(2,4,'Erste bank','+381 60 48 48 000','info@erstebank.rs','2','2','1'),(1000,5,'Trange Frange menjacnica','+381 11 244 44 48','trangefrangebeograd@gmail.com','3','3','1'),(1001,0,'Dok menjacnica','+381 63 222 936','dok.mak@sezampro.rs','4','4','1'),(1002,0,'Raiffeisen banka','+381 11 3202 100','info@raiffeisenbank.rs','5','5','1'),(1003,0,'Paris menjacnica','+381 63 236 386','studioexterni@gmail.com','6','6','1'),(1004,0,'Komercijalna banka','+381 11 20 18 600','kontakt.centar@kombank.rs','7','7','1'),(1005,0,'AIK banka','+381 11 785 9999','info@aikbank.rs','8','8','1'),(1006,0,'Nelli Menjacnica','112 1232','nelli@gmail.com','1231231231','1231231231231','1'),(1010,15,'La Pier','+38111 2500 122','pier@gmail.com','1234567890','1234567891231','1'),(1025,34,'Societe General','+3815252 555','petar.stf@gmail.com','','','1');
/*!40000 ALTER TABLE `exchange_office` ENABLE KEYS */;
UNLOCK TABLES;

--
-- Table structure for table `exchange_office_location`
--

DROP TABLE IF EXISTS `exchange_office_location`;
/*!40101 SET @saved_cs_client     = @@character_set_client */;
/*!40101 SET character_set_client = utf8 */;
CREATE TABLE `exchange_office_location` (
  `location_id` int(11) NOT NULL AUTO_INCREMENT,
  `exchange_office_id` int(11) NOT NULL,
  `exchange_office_location` varchar(45) NOT NULL,
  `exchange_office_lat` varchar(45) NOT NULL,
  `exchange_office_lng` varchar(45) NOT NULL,
  PRIMARY KEY (`location_id`)
) ENGINE=InnoDB AUTO_INCREMENT=104 DEFAULT CHARSET=utf8;
/*!40101 SET character_set_client = @saved_cs_client */;

--
-- Dumping data for table `exchange_office_location`
--

LOCK TABLES `exchange_office_location` WRITE;
/*!40000 ALTER TABLE `exchange_office_location` DISABLE KEYS */;
INSERT INTO `exchange_office_location` VALUES (1,2,'Resavska 2','44.8069734','20.4647847'),(2,2,'Dunavski kej 11','44.8294593','20.4638644'),(3,1000,'Bulevar Zorana Djindjica','44.8175329','20.4179972'),(4,1000,'Vojvode Stepe 61','44.7826453','20.4712321'),(5,1000,'Beogradski sajam','44.7964552','20.4364176'),(6,1001,'Save Maskovica 7','44.7613941','20.4820384'),(7,1001,'Jurija Gagarina 231/3','44.7987574','20.3757424'),(8,1001,'Bulevar despota Stefana 47','44.8169756','20.4694859'),(9,1001,'Rableova 1','44.7869606','20.5343716'),(10,1001,'Trg Branka Radicevica 3','44.84638899999999','20.4087713'),(11,1001,'Bulevar kralja Aleksandra 239','44.79504439999999','20.5002278'),(12,1001,'Vojislava Ilica 141j','44.7864181','20.501029'),(13,1001,'Terazije 12','44.8149492','20.4629756'),(14,1003,'Brankova 9','44.81448289999999','20.4560202'),(15,1003,'Resavska 34','44.8070982','20.4647716'),(16,1003,'Glavna 10','44.8431013','20.4126884'),(17,1003,'Marsala Birjuzova 2-4','44.8145272','20.4588683'),(18,1003,'Glavna 18','44.8438065','20.4120192'),(19,1003,'Jurija Gagarina 87','44.8029593','20.3939775'),(20,1003,'Autoput e70','45.22937169999999','17.4343033'),(21,1001,'Makedonska 28','44.8155485','20.4634733'),(22,1000,'Hadzi Djerina 27','44.8036811','20.4776474'),(42,1002,'Crnotavska 7-9','44.7609642','20.4769287'),(43,1002,'Crnotavska 17','44.7643003','20.4670955'),(44,1002,'27. Marta 31','44.8108476','20.4745234'),(45,1002,'Aerodrom Nikola Tesla','44.820498','20.291691'),(46,1002,'Balkanska 1','44.81287409999999','20.4603608'),(47,1002,'Brace Srnic 3b','44.7733056','20.5046647'),(48,1002,'Bratstva jedinstva 73','44.88835539999999','20.4572223'),(49,1002,'Bulevar kralja Aleksandra 171','44.798914','20.4914937'),(50,1002,'Bulevar kralja Aleksandra 328','44.7938203','20.5018096'),(51,1002,'Bulevar Mihajla Pupina 10k','44.818155','20.426643'),(52,1002,'Bulevar Mihajla Pupina 181','44.8308949','20.4101535'),(53,1002,'Bulevar Mihajla Pupina 4','44.8153831','20.437169'),(54,1002,'Bulevar Oslobodjenja 56a','44.7680088','20.4759503'),(55,1002,'Bulevar Oslobodjenja 7-9','44.80149249999999','20.4664166'),(56,1002,'Bulevar Umetnosti 4','44.8208284','20.4142846'),(57,1002,'Bulevar vojvode Misica 37','44.7954879','20.4388316'),(58,1002,'Bulevar Zorana Djindjica 64a','44.81751','20.4203373'),(59,1002,'Cara Dusana 78','44.8207135','20.4647671'),(60,1002,'Jurija Gagarina 151','44.8002913','20.3765887'),(61,1002,'Jurija Gagarina 16','44.8054287','20.4052587'),(62,1002,'Jurija Gagarina BB','44.801436','20.382769'),(63,1002,'Kneza Mihajla 6','44.81543370000001','20.4597693'),(64,1004,'Svetog Save 14','44.8011211','20.4673335'),(65,1004,'Petra Martinovica 37','44.773289','20.4198794'),(66,1004,'Svetosavska 20','43.3248989','21.9008232'),(67,1004,'27. Marta 7','44.8129648','20.4727781'),(68,1004,'Andre Nikolica 3','44.7883919','20.4407727'),(69,1004,'Bircaninova 34','44.8022177','20.4631722'),(70,1004,'Blagoja Parovica','44.76759269999999','20.4210761'),(71,1004,'Brankova 34','44.8150064','20.4526789'),(72,1004,'Bulevar kralja Aleksandra 251','44.7947719','20.501529'),(73,1004,'Bulevar kralja Aleksandra 328','44.7938203','20.5018096'),(74,1004,'Cara Dusana 62-64','44.82165579999999','20.4631144'),(75,1004,'Cvijiceva 93a','44.8112792','20.4792463'),(76,1004,'Knez Mihajlova 35','44.8175533','20.4564121'),(77,1004,'Kneza Milosa 4','44.8099572','20.4655363'),(78,1004,'Kneza Milosa 83','44.8013841','20.4554898'),(79,1004,'Kneza Viseslava 118','44.7506085','20.4331068'),(80,1004,'Kozacinskog 2','44.7819642','20.416875'),(81,1004,'Kralja Petra 19','44.81898810000001','20.4538503'),(82,1004,'Ljermontova 12a','44.78277569999999','20.4896951'),(83,1004,'Luke Vojvodica 77a','44.7514119','20.4380989'),(84,1004,'Makedonska 29','44.815752','20.4646498'),(85,1004,'Makedonska 32','44.8154646','20.4644509'),(86,1004,'Makenzijeva 43','44.800754','20.470191'),(87,1004,'Ruzveltova 41-45','44.8093919','20.4834328'),(88,1004,'Savska 35','44.8023205','20.4515912'),(89,1004,'Trg Nikole Pasica 2','44.8123853','20.4620116'),(90,1004,'Trg Nikole Pasica 7','44.812316','20.4625251'),(91,1004,'Bulevar Oslobodjenja 9','45.2630454','19.831415'),(92,1004,'Bulevar Mihajla Pupina 10a','44.818155','20.426643'),(93,1004,'Bulevar Zorana Djindjica 45a','44.813043','20.426393'),(94,1004,'Goce Delceva 36','44.83061439999999','20.4130347'),(95,1005,'Bulevar Mihajla Pupina 115','44.8169248','20.4281487'),(96,1005,'Bulevar kralja Aleksandra 334','44.7937','20.5030463'),(97,1005,'Knez Mihajlova 10','44.8160937','20.4591396'),(98,1005,'Kralja Milana 43','44.8109142','20.4621381'),(99,1005,'Pozeska 93','44.7720108','20.4144624'),(100,1005,'Balkanska 20','44.8112323','20.4601225'),(101,1005,'Kraljice Marije 73','44.8042004','20.4810465'),(103,1025,'Lok 1','','');
/*!40000 ALTER TABLE `exchange_office_location` ENABLE KEYS */;
UNLOCK TABLES;

--
-- Table structure for table `exchange_office_package`
--

DROP TABLE IF EXISTS `exchange_office_package`;
/*!40101 SET @saved_cs_client     = @@character_set_client */;
/*!40101 SET character_set_client = utf8 */;
CREATE TABLE `exchange_office_package` (
  `exchange_office_id` int(11) NOT NULL,
  `package_id` int(11) NOT NULL,
  `start_date` date NOT NULL,
  `end_date` date NOT NULL,
  PRIMARY KEY (`exchange_office_id`,`package_id`)
) ENGINE=InnoDB DEFAULT CHARSET=utf8 COLLATE=utf8_unicode_ci;
/*!40101 SET character_set_client = @saved_cs_client */;

--
-- Dumping data for table `exchange_office_package`
--

LOCK TABLES `exchange_office_package` WRITE;
/*!40000 ALTER TABLE `exchange_office_package` DISABLE KEYS */;
INSERT INTO `exchange_office_package` VALUES (1,1,'2018-12-01','2019-03-01'),(2,1,'2018-12-02','2019-03-02'),(1000,2,'2018-11-01','2019-04-30'),(1001,2,'2018-10-01','2019-03-30'),(1002,2,'2018-10-09','2019-04-07'),(1003,2,'2018-11-05','2019-05-04'),(1004,2,'2018-11-20','2019-05-19'),(1006,2,'2018-11-15','2019-05-14'),(1010,2,'2018-10-01','2019-03-30'),(1025,1,'2018-12-24','2019-03-26');
/*!40000 ALTER TABLE `exchange_office_package` ENABLE KEYS */;
UNLOCK TABLES;

--
-- Table structure for table `exchange_office_work_hours`
--

DROP TABLE IF EXISTS `exchange_office_work_hours`;
/*!40101 SET @saved_cs_client     = @@character_set_client */;
/*!40101 SET character_set_client = utf8 */;
CREATE TABLE `exchange_office_work_hours` (
  `work_hours_id` int(11) NOT NULL AUTO_INCREMENT,
  `exchange_office_id` int(11) DEFAULT NULL,
  `exchange_office_location_id` int(11) DEFAULT NULL,
  `monday_to_friday` varchar(45) COLLATE utf8_unicode_ci DEFAULT NULL,
  `saturday` varchar(45) COLLATE utf8_unicode_ci DEFAULT NULL,
  `sunday` varchar(45) COLLATE utf8_unicode_ci DEFAULT NULL,
  PRIMARY KEY (`work_hours_id`)
) ENGINE=InnoDB DEFAULT CHARSET=utf8 COLLATE=utf8_unicode_ci;
/*!40101 SET character_set_client = @saved_cs_client */;

--
-- Dumping data for table `exchange_office_work_hours`
--

LOCK TABLES `exchange_office_work_hours` WRITE;
/*!40000 ALTER TABLE `exchange_office_work_hours` DISABLE KEYS */;
/*!40000 ALTER TABLE `exchange_office_work_hours` ENABLE KEYS */;
UNLOCK TABLES;

--
-- Table structure for table `package`
--

DROP TABLE IF EXISTS `package`;
/*!40101 SET @saved_cs_client     = @@character_set_client */;
/*!40101 SET character_set_client = utf8 */;
CREATE TABLE `package` (
  `package_id` int(11) NOT NULL,
  `package_price` decimal(10,0) NOT NULL,
  `package_duration` int(11) NOT NULL,
  PRIMARY KEY (`package_id`)
) ENGINE=InnoDB DEFAULT CHARSET=utf8 COLLATE=utf8_unicode_ci;
/*!40101 SET character_set_client = @saved_cs_client */;

--
-- Dumping data for table `package`
--

LOCK TABLES `package` WRITE;
/*!40000 ALTER TABLE `package` DISABLE KEYS */;
INSERT INTO `package` VALUES (1,200,92),(2,350,185),(3,600,365);
/*!40000 ALTER TABLE `package` ENABLE KEYS */;
UNLOCK TABLES;

--
-- Table structure for table `user`
--

DROP TABLE IF EXISTS `user`;
/*!40101 SET @saved_cs_client     = @@character_set_client */;
/*!40101 SET character_set_client = utf8 */;
CREATE TABLE `user` (
  `user_id` int(11) NOT NULL AUTO_INCREMENT,
  `firstname` varchar(45) NOT NULL,
  `lastname` varchar(45) NOT NULL,
  `email` varchar(45) NOT NULL,
  `username` varchar(45) NOT NULL,
  `password` varchar(45) NOT NULL,
  PRIMARY KEY (`user_id`),
  UNIQUE KEY `email_UNIQUE` (`email`)
) ENGINE=InnoDB AUTO_INCREMENT=35 DEFAULT CHARSET=utf8;
/*!40101 SET character_set_client = @saved_cs_client */;

--
-- Dumping data for table `user`
--

LOCK TABLES `user` WRITE;
/*!40000 ALTER TABLE `user` DISABLE KEYS */;
INSERT INTO `user` VALUES (1,'Petar','Stefanovic','pier.stf@gmail.com','admin1','123123'),(2,'Tamara','Dragovic','tamara995dragovic@gmail.com','admin2','456456'),(3,'Milan','Savic','mulan@gmail.com','mulantex','111111'),(4,'Marija','Markovic','makica@hotmail.com','makica','123123'),(5,'Saska','Kostic','saskica@yahoo.com','saskica','333333'),(6,'Pipi','DugaCarapa','pipi@gmail.com','pipi','123123'),(7,'','','neli@gmail.com','Nelli','123123'),(15,'','','pier@gmail.com','La Pier','123123'),(16,'','','dfg@dfgdzfg.com','dfdfgdfg','123'),(17,'','','ssd@sdfs.com','dfgdsg','123'),(18,'','','tamarinjo@gigi.com','ta_mara','taci22'),(34,'','','petar.stf@gmail.com','asdasd','asdasd');
/*!40000 ALTER TABLE `user` ENABLE KEYS */;
UNLOCK TABLES;
/*!40103 SET TIME_ZONE=@OLD_TIME_ZONE */;

/*!40101 SET SQL_MODE=@OLD_SQL_MODE */;
/*!40014 SET FOREIGN_KEY_CHECKS=@OLD_FOREIGN_KEY_CHECKS */;
/*!40014 SET UNIQUE_CHECKS=@OLD_UNIQUE_CHECKS */;
/*!40101 SET CHARACTER_SET_CLIENT=@OLD_CHARACTER_SET_CLIENT */;
/*!40101 SET CHARACTER_SET_RESULTS=@OLD_CHARACTER_SET_RESULTS */;
/*!40101 SET COLLATION_CONNECTION=@OLD_COLLATION_CONNECTION */;
/*!40111 SET SQL_NOTES=@OLD_SQL_NOTES */;

-- Dump completed on 2018-12-26  5:58:27
